,Multiple_Fetuses,HT_History,Previous_Mis_Still,Diabetic,Diabetes_Fhistory,Age,HT_Fhistory,Starting_Week,Starting_Mass,Starting_SBP,Starting_DBP,Week_1,Mass_1,SBP_1,DBP_1,Week_2,Mass_2,SBP_2,DBP_2,Week_3,Mass_3,SBP_3,DBP_3,Developed_PE
0,False,False,False,False,False,21,False,16,50.9,120,70,22,54.0,110,70,26,58.0,120,70,31,62.0,110,70,False
1,False,False,False,False,False,30,False,8,79.6,134,81,13,82.0,127,76,17,85.0,130,80,23,87.3,112,71,False
2,False,False,False,False,False,28,False,9,71.90406226769863,127,82,17,75.0,116,78,24,80.0,114,77,26,80.0,112,67,True
3,False,False,True,False,False,26,False,13,70.0,129,75,25,77.0,110,70,33,78.8,124,69,36,78.8,135,68,False
5,False,False,False,False,False,32,False,9,76.6,125,85,18,77.9,129,82,22,80.0,117,78,25,83.0,118,74,False
6,False,False,False,False,True,33,False,15,61.01300778346233,124,61,16,61.4,124,61,23,66.5,115,65,28,67.9,122,63,False
7,False,False,False,False,False,30,False,7,92.0,110,64,13,95.3,120,70,16,96.0,109,68,23,100.0,115,60,False
9,False,True,False,False,False,31,False,9,76.05203113384931,125,79,13,77.6,128,83,17,80.8,123,84,23,84.4,129,85,True
10,False,True,False,False,False,44,True,8,68.2,145,102,22,72.8,135,84,24,75.0,135,84,26,74.9,132,99,True
11,False,False,False,False,False,31,False,8,70.4,120,77,24,82.8,125,80,29,89.9,130,87,31,90.3,141,87,True
12,False,False,False,False,False,31,True,13,67.6,131,84,22,72.9,127,86,28,79.0,143,91,37,87.0,147,95,True
13,False,False,False,False,False,34,False,7,91.0,153,80,13,92.9,139,83,18,94.2,143,90,24,100.4,150,96,True
14,False,False,False,False,False,35,False,9,88.4,120,74,13,89.0,133,86,24,95.5,113,76,29,96.0,124,75,False
15,False,False,False,False,False,34,False,11,75.5,115,71,15,76.6,111,67,26,83.5,97,73,32,87.8,107,70,False
16,False,False,False,False,False,28,False,6,98.0,157,109,13,99.0,186,105,17,99.4,153,102,24,101.2,140,90,True
17,False,False,False,False,False,37,False,11,82.2,114,73,15,83.5,109,75,24,86.9,120,79,28,87.7,105,67,False
18,False,False,True,False,False,32,False,11,59.4,147,87,16,61.0,159,86,25,65.4,148,92,28,68.4,152,93,True
20,False,False,False,False,False,33,False,8,62.4,111,72,13,63.5,109,32,24,67.0,103,59,28,70.1,106,67,False
21,False,False,False,False,True,25,True,9,94.4,140,91,13,95.6,139,86,18,96.3,131,89,25,100.0,133,92,True
23,False,True,False,False,False,36,False,7,78.0,110,70,16,83.1,114,70,25,88.4,108,73,28,89.2,118,72,True
24,False,True,True,False,False,30,False,8,107.0,128,81,17,105.8,132,88,22,106.0,124,86,27,109.0,126,86,True
25,False,True,False,False,False,30,False,9,75.37804670077398,150,95,15,77.7,140,99,24,80.9,152,105,28,83.0,144,99,True
26,False,False,False,False,False,34,True,7,66.9,124,68,19,72.0,107,62,24,76.2,109,72,28,78.0,123,73,False
27,False,True,True,False,False,36,False,8,116.7,123,77,5,113.4,130,82,21,114.0,133,87,30,115.1,130,89,True
29,False,False,False,False,False,29,False,6,65.8,117,71,13,67.5,117,70,17,64.6,121,72,25,72.6,115,67,False
30,False,False,True,False,False,31,True,9,86.40406226769863,116,68,17,89.5,116,69,24,94.2,128,78,28,99.0,129,83,False
32,False,False,False,False,False,29,False,8,77.16503891731163,141,78,13,79.1,134,87,24,84.8,142,84,29,87.3,146,79,True
35,False,False,False,False,False,28,True,9,50.2,128,72,13,52.6,122,76,22,59.8,134,82,27,61.6,125,72,False
36,False,False,False,False,False,32,False,11,54.0,108,65,13,54.0,96,62,16,54.0,106,64,24,59.4,104,61,False
37,False,False,False,False,False,36,False,7,86.1300778346233,122,80,17,90.0,134,86,24,93.8,126,78,28,93.1,130,82,False
38,False,False,False,False,False,35,False,16,87.8,123,85,24,90.89593773230136,136,80,28,91.99033556659224,130,86,32,93.92241829867498,130,80,True
39,False,True,False,False,True,27,True,7,90.3300778346233,134,89,17,94.2,135,89,24,97.7,130,88,28,99.1,134,90,True
41,False,False,False,False,False,42,False,8,59.3,103,66,13,59.5,92,56,23,65.2,109,61,31,68.9,108,65,False
42,False,False,False,False,False,32,False,12,64.45203113384932,115,72,16,66.0,114,72,24,67.2,110,68,28,73.4,110,72,False
43,False,False,False,False,True,22,False,11,70.0,135,85,13,69.3,137,73,17,68.9,131,77,24,71.2,118,65,False
44,False,True,False,False,False,32,False,7,107.4211323188596,138,81,24,114.0,120,79,28,118.0,128,78,32,117.0,133,77,False
45,False,False,False,False,False,34,False,6,102.3,121,71,17,105.0,122,72,27,107.0,119,72,33,110.0,119,68,False
46,False,False,False,False,False,28,False,9,62.9,117,76,17,66.5,119,70,25,70.9,112,72,29,72.5,122,74,False
47,False,False,False,False,False,42,False,11,83.87804670077398,118,76,17,86.2,119,77,24,88.11519621000905,118,98,26,89.08123757605041,161,98,True
48,False,False,False,False,True,31,False,10,94.0,120,65,19,97.48292994883904,130,70,23,98.57732778312992,130,75,27,100.50941051521266,115,76,False
49,False,False,False,False,False,30,True,11,73.97804670077397,148,88,17,76.3,145,85,28,82.1,133,81,33,85.7,142,91,True
51,False,False,False,False,False,32,False,10,83.0,115,69,15,82.4,123,76,24,85.0,116,73,28,87.4,119,71,False
52,False,True,True,False,False,33,True,8,99.0,145,95,16,101.90560216570913,140,82,20,103.0,140,95,26,106.36565656565656,140,90,True
53,False,False,False,False,False,34,False,9,65.0,122,67,17,66.5,117,60,24,69.0,114,65,28,69.0,117,66,False
54,False,True,True,False,False,34,False,8,108.0,144,92,14,110.0,130,90,24,112.6,125,90,30,115.0,127,79,True
55,False,False,False,False,False,32,False,7,68.7,136,88,17,70.6,119,74,22,71.9018759018759,115,76,28,74.8,119,78,False
56,False,False,False,False,False,36,False,10,76.0,107,68,17,76.7,106,70,30,79.0,125,80,34,81.2,118,74,False
57,False,False,False,False,False,39,False,10,105.0,124,73,25,108.0,110,60,29,108.0,114,64,35,106.83131313131314,120,73,False
58,False,False,False,False,False,31,True,9,66.7,125,75,16,69.4089455157637,105,70,20,70.50334335005459,115,70,24,72.43542608213733,120,72,True
59,False,False,False,False,False,27,False,11,75.0,110,65,22,79.25691438191438,120,74,26,80.35131221620527,120,70,30,82.283394948288,140,70,True
60,False,False,False,False,True,37,False,10,64.0,130,70,16,66.32195329922602,120,70,21,67.68995059208963,105,68,25,69.62203332417236,110,75,True
61,False,False,True,False,False,35,False,8,92.0,130,80,17,93.5,123,87,24,95.41519621000904,131,78,28,97.66262626262626,141,86,False
62,False,True,True,True,False,40,False,18,115.0,142,90,19,115.0,142,90,23,114.0,148,93,27,114.0,140,100,True
63,False,False,False,False,True,33,False,9,101.0,120,70,17,104.09593773230137,125,80,22,105.46393502516496,120,72,26,107.3960177572477,130,80,True
64,True,True,False,False,True,31,False,8,114.3,180,60,17,115.6,150,90,24,118.0,160,90,27,125.0,150,85,True
65,False,False,False,False,False,28,False,9,96.8,125,80,16,99.5089455157637,135,80,24,101.69774118434546,122,80,28,103.6298239164282,135,88,True
66,False,False,True,False,False,37,False,8,79.3,146,75,17,82.78292994883904,130,80,24,78.38489658489658,120,77,29,80.8,135,79,False
67,False,False,False,False,False,34,False,6,72.2910544842363,129,77,13,75.0,139,88,24,79.0,134,91,29,79.16262626262626,124,82,False
71,False,False,False,False,False,33,True,10,85.0,120,70,16,87.32195329922602,110,72,22,88.96355005066235,120,78,28,91.86167414878643,120,68,True
73,False,False,True,False,False,36,True,16,61.0,120,70,16,61.0,120,70,20,62.09439783429088,125,75,24,64.0264805663736,130,80,True
74,False,True,True,False,False,35,False,6,113.9,160,95,17,118.1569143819144,128,89,24,120.07211059192343,134,94,28,122.00419332400617,145,95,True
75,False,False,False,False,True,27,False,20,74.5,125,82,20,74.5,125,82,25,75.8679972928636,120,78,29,77.80008002494634,120,82,True
