,Parity,HT_History,Previous_Mis_Still,Diabetes_Fhistory,Age,HT_Fhistory,Starting_Week,Starting_Mass,Starting_SBP,Starting_DBP,Week_1,Mass_1,SBP_1,DBP_1,Developed_PE
0,0,False,False,False,21,False,16,50.9,120,70,22,54.0,110,70,False
1,0,False,False,False,30,False,8,79.6,134,81,13,82.0,127,76,False
2,0,False,False,False,28,False,9,71.90406226769863,127,82,17,75.0,116,78,True
3,2,False,True,False,26,False,13,70.0,129,75,25,77.0,110,70,False
5,0,False,False,False,32,False,9,76.6,125,85,18,77.9,129,82,False
6,1,False,False,True,33,False,15,61.01300778346233,124,61,16,61.4,124,61,False
7,0,False,False,False,30,False,7,92.0,110,64,13,95.3,120,70,False
9,1,True,False,False,31,False,9,76.05203113384931,125,79,13,77.6,128,83,True
10,0,True,False,False,44,True,8,68.2,145,102,22,72.8,135,84,True
11,0,False,False,False,31,False,8,70.4,120,77,24,82.8,125,80,True
12,0,False,False,False,31,True,13,67.6,131,84,22,72.9,127,86,True
13,0,False,False,False,34,False,7,91.0,153,80,13,92.9,139,83,True
14,2,False,False,False,35,False,9,88.4,120,74,13,89.0,133,86,False
15,1,False,False,False,34,False,11,75.5,115,71,15,76.6,111,67,False
16,0,False,False,False,28,False,6,98.0,157,109,13,99.0,186,105,True
17,2,False,False,False,37,False,11,82.2,114,73,15,83.5,109,75,False
18,0,False,True,False,32,False,11,59.4,147,87,16,61.0,159,86,True
20,1,False,False,False,33,False,8,62.4,111,72,13,63.5,109,32,False
21,0,False,False,True,25,True,9,94.4,140,91,13,95.6,139,86,True
23,1,True,False,False,36,False,7,78.0,110,70,16,83.1,114,70,True
24,0,True,True,False,30,False,8,107.0,128,81,17,105.8,132,88,True
25,0,True,False,False,30,False,9,75.37804670077398,150,95,15,77.7,140,99,True
26,1,False,False,False,34,True,7,66.9,124,68,19,72.0,107,62,False
27,2,True,True,False,36,False,8,116.7,123,77,5,113.4,130,82,True
29,0,False,False,False,29,False,6,65.8,117,71,13,67.5,117,70,False
30,0,False,True,False,31,True,9,86.40406226769863,116,68,17,89.5,116,69,False
32,0,False,False,False,29,False,8,77.16503891731163,141,78,13,79.1,134,87,True
35,0,False,False,False,28,True,9,50.2,128,72,13,52.6,122,76,False
36,0,False,False,False,32,False,11,54.0,108,65,13,54.0,96,62,False
37,1,False,False,False,36,False,7,86.1300778346233,122,80,17,90.0,134,86,False
38,1,False,False,False,35,False,16,87.8,123,85,24,90.89593773230136,136,80,True
39,1,True,False,True,27,True,7,90.3300778346233,134,89,17,94.2,135,89,True
41,1,False,False,False,42,False,8,59.3,103,66,13,59.5,92,56,False
42,0,False,False,False,32,False,12,64.45203113384932,115,72,16,66.0,114,72,False
43,0,False,False,True,22,False,11,70.0,135,85,13,69.3,137,73,False
44,1,True,False,False,32,False,7,107.4211323188596,138,81,24,114.0,120,79,False
45,1,False,False,False,34,False,6,102.3,121,71,17,105.0,122,72,False
46,1,False,False,False,28,False,9,62.9,117,76,17,66.5,119,70,False
47,2,False,False,False,42,False,11,83.87804670077398,118,76,17,86.2,119,77,True
48,0,False,False,True,31,False,10,94.0,120,65,19,97.48292994883904,130,70,False
49,1,False,False,False,30,True,11,73.97804670077397,148,88,17,76.3,145,85,True
51,1,False,False,False,32,False,10,83.0,115,69,15,82.4,123,76,False
52,0,True,True,False,33,True,8,99.0,145,95,16,101.90560216570913,140,82,True
53,1,False,False,False,34,False,9,65.0,122,67,17,66.5,117,60,False
54,1,True,True,False,34,False,8,108.0,144,92,14,110.0,130,90,True
55,1,False,False,False,32,False,7,68.7,136,88,17,70.6,119,74,False
56,2,False,False,False,36,False,10,76.0,107,68,17,76.7,106,70,False
57,1,False,False,False,39,False,10,105.0,124,73,25,108.0,110,60,False
58,0,False,False,False,31,True,9,66.7,125,75,16,69.4089455157637,105,70,True
59,0,False,False,False,27,False,11,75.0,110,65,22,79.25691438191438,120,74,True
60,0,False,False,True,37,False,10,64.0,130,70,16,66.32195329922602,120,70,True
61,2,False,True,False,35,False,8,92.0,130,80,17,93.5,123,87,False
62,2,True,True,False,40,False,18,115.0,142,90,19,115.0,142,90,True
63,1,False,False,True,33,False,9,101.0,120,70,17,104.09593773230137,125,80,True
64,0,True,False,True,31,False,8,114.3,180,60,17,115.6,150,90,True
65,0,False,False,False,28,False,9,96.8,125,80,16,99.5089455157637,135,80,True
66,1,False,True,False,37,False,8,79.3,146,75,17,82.78292994883904,130,80,False
67,2,False,False,False,34,False,6,72.2910544842363,129,77,13,75.0,139,88,False
71,1,False,False,False,33,True,10,85.0,120,70,16,87.32195329922602,110,72,True
73,0,False,True,False,36,True,16,61.0,120,70,16,61.0,120,70,True
74,1,True,True,False,35,False,6,113.9,160,95,17,118.1569143819144,128,89,True
75,0,False,False,True,27,False,20,74.5,125,82,20,74.5,125,82,True
