,Starting_Mass,Parity,Multiple_Fetuses,HT_History,Diabetic,Diabetes_Fhistory,Age,HT_Fhistory,Week_1,Mass_1,Week_2,Mass_2,Week_3,Mass_3,Developed_PE,Starting_Week,Starting_SBP,Starting_DBP,SBP_1,DBP_1,SBP_2,DBP_2,SBP_3,DBP_3,Previous_Mis_Still
0,50.9,0,False,False,False,False,21,False,22,54.0,26,58.0,31,62.0,False,16,120,70,110,70,120,70,110,70,False
1,79.6,0,False,False,False,False,30,False,13,82.0,17,85.0,23,87.3,False,8,134,81,127,76,130,80,112,71,False
2,71.90406226769863,0,False,False,False,False,28,False,17,75.0,24,80.0,26,80.0,True,9,127,82,116,78,114,77,112,67,False
3,70.0,2,False,False,False,False,26,False,25,77.0,33,78.8,36,78.8,False,13,129,75,110,70,124,69,135,68,True
5,76.6,0,False,False,False,False,32,False,18,77.9,22,80.0,25,83.0,False,9,125,85,129,82,117,78,118,74,False
6,61.01300778346233,1,False,False,False,True,33,False,16,61.4,23,66.5,28,67.9,False,15,124,61,124,61,115,65,122,63,False
7,92.0,0,False,False,False,False,30,False,13,95.3,16,96.0,23,100.0,False,7,110,64,120,70,109,68,115,60,False
9,76.05203113384931,1,False,True,False,False,31,False,13,77.6,17,80.8,23,84.4,True,9,125,79,128,83,123,84,129,85,False
10,68.2,0,False,True,False,False,44,True,22,72.8,24,75.0,26,74.9,True,8,145,102,135,84,135,84,132,99,False
11,70.4,0,False,False,False,False,31,False,24,82.8,29,89.9,31,90.3,True,8,120,77,125,80,130,87,141,87,False
12,67.6,0,False,False,False,False,31,True,22,72.9,28,79.0,37,87.0,True,13,131,84,127,86,143,91,147,95,False
13,91.0,0,False,False,False,False,34,False,13,92.9,18,94.2,24,100.4,True,7,153,80,139,83,143,90,150,96,False
14,88.4,2,False,False,False,False,35,False,13,89.0,24,95.5,29,96.0,False,9,120,74,133,86,113,76,124,75,False
15,75.5,1,False,False,False,False,34,False,15,76.6,26,83.5,32,87.8,False,11,115,71,111,67,97,73,107,70,False
16,98.0,0,False,False,False,False,28,False,13,99.0,17,99.4,24,101.2,True,6,157,109,186,105,153,102,140,90,False
17,82.2,2,False,False,False,False,37,False,15,83.5,24,86.9,28,87.7,False,11,114,73,109,75,120,79,105,67,False
18,59.4,0,False,False,False,False,32,False,16,61.0,25,65.4,28,68.4,True,11,147,87,159,86,148,92,152,93,True
20,62.4,1,False,False,False,False,33,False,13,63.5,24,67.0,28,70.1,False,8,111,72,109,32,103,59,106,67,False
21,94.4,0,False,False,False,True,25,True,13,95.6,18,96.3,25,100.0,True,9,140,91,139,86,131,89,133,92,False
23,78.0,1,False,True,False,False,36,False,16,83.1,25,88.4,28,89.2,True,7,110,70,114,70,108,73,118,72,False
24,107.0,0,False,True,False,False,30,False,17,105.8,22,106.0,27,109.0,True,8,128,81,132,88,124,86,126,86,True
25,75.37804670077398,0,False,True,False,False,30,False,15,77.7,24,80.9,28,83.0,True,9,150,95,140,99,152,105,144,99,False
26,66.9,1,False,False,False,False,34,True,19,72.0,24,76.2,28,78.0,False,7,124,68,107,62,109,72,123,73,False
27,116.7,2,False,True,False,False,36,False,5,113.4,21,114.0,30,115.1,True,8,123,77,130,82,133,87,130,89,True
29,65.8,0,False,False,False,False,29,False,13,67.5,17,64.6,25,72.6,False,6,117,71,117,70,121,72,115,67,False
30,86.40406226769863,0,False,False,False,False,31,True,17,89.5,24,94.2,28,99.0,False,9,116,68,116,69,128,78,129,83,True
32,77.16503891731163,0,False,False,False,False,29,False,13,79.1,24,84.8,29,87.3,True,8,141,78,134,87,142,84,146,79,False
35,50.2,0,False,False,False,False,28,True,13,52.6,22,59.8,27,61.6,False,9,128,72,122,76,134,82,125,72,False
36,54.0,0,False,False,False,False,32,False,13,54.0,16,54.0,24,59.4,False,11,108,65,96,62,106,64,104,61,False
37,86.1300778346233,1,False,False,False,False,36,False,17,90.0,24,93.8,28,93.1,False,7,122,80,134,86,126,78,130,82,False
38,87.8,1,False,False,False,False,35,False,24,90.89593773230136,28,91.99033556659224,32,93.92241829867498,True,16,123,85,136,80,130,86,130,80,False
39,90.3300778346233,1,False,True,False,True,27,True,17,94.2,24,97.7,28,99.1,True,7,134,89,135,89,130,88,134,90,False
41,59.3,1,False,False,False,False,42,False,13,59.5,23,65.2,31,68.9,False,8,103,66,92,56,109,61,108,65,False
42,64.45203113384932,0,False,False,False,False,32,False,16,66.0,24,67.2,28,73.4,False,12,115,72,114,72,110,68,110,72,False
43,70.0,0,False,False,False,True,22,False,13,69.3,17,68.9,24,71.2,False,11,135,85,137,73,131,77,118,65,False
44,107.4211323188596,1,False,True,False,False,32,False,24,114.0,28,118.0,32,117.0,False,7,138,81,120,79,128,78,133,77,False
45,102.3,1,False,False,False,False,34,False,17,105.0,27,107.0,33,110.0,False,6,121,71,122,72,119,72,119,68,False
46,62.9,1,False,False,False,False,28,False,17,66.5,25,70.9,29,72.5,False,9,117,76,119,70,112,72,122,74,False
47,83.87804670077398,2,False,False,False,False,42,False,17,86.2,24,88.11519621000905,26,89.08123757605041,True,11,118,76,119,77,118,98,161,98,False
48,94.0,0,False,False,False,True,31,False,19,97.48292994883904,23,98.57732778312992,27,100.50941051521266,False,10,120,65,130,70,130,75,115,76,False
49,73.97804670077397,1,False,False,False,False,30,True,17,76.3,28,82.1,33,85.7,True,11,148,88,145,85,133,81,142,91,False
51,83.0,1,False,False,False,False,32,False,15,82.4,24,85.0,28,87.4,False,10,115,69,123,76,116,73,119,71,False
52,99.0,0,False,True,False,False,33,True,16,101.90560216570913,20,103.0,26,106.36565656565656,True,8,145,95,140,82,140,95,140,90,True
53,65.0,1,False,False,False,False,34,False,17,66.5,24,69.0,28,69.0,False,9,122,67,117,60,114,65,117,66,False
54,108.0,1,False,True,False,False,34,False,14,110.0,24,112.6,30,115.0,True,8,144,92,130,90,125,90,127,79,True
55,68.7,1,False,False,False,False,32,False,17,70.6,22,71.9018759018759,28,74.8,False,7,136,88,119,74,115,76,119,78,False
56,76.0,2,False,False,False,False,36,False,17,76.7,30,79.0,34,81.2,False,10,107,68,106,70,125,80,118,74,False
57,105.0,1,False,False,False,False,39,False,25,108.0,29,108.0,35,106.83131313131314,False,10,124,73,110,60,114,64,120,73,False
58,66.7,0,False,False,False,False,31,True,16,69.4089455157637,20,70.50334335005459,24,72.43542608213733,True,9,125,75,105,70,115,70,120,72,False
59,75.0,0,False,False,False,False,27,False,22,79.25691438191438,26,80.35131221620527,30,82.283394948288,True,11,110,65,120,74,120,70,140,70,False
60,64.0,0,False,False,False,True,37,False,16,66.32195329922602,21,67.68995059208963,25,69.62203332417236,True,10,130,70,120,70,105,68,110,75,False
61,92.0,2,False,False,False,False,35,False,17,93.5,24,95.41519621000904,28,97.66262626262626,False,8,130,80,123,87,131,78,141,86,True
62,115.0,2,False,True,True,False,40,False,19,115.0,23,114.0,27,114.0,True,18,142,90,142,90,148,93,140,100,True
63,101.0,1,False,False,False,True,33,False,17,104.09593773230137,22,105.46393502516496,26,107.3960177572477,True,9,120,70,125,80,120,72,130,80,False
64,114.3,0,True,True,False,True,31,False,17,115.6,24,118.0,27,125.0,True,8,180,60,150,90,160,90,150,85,False
65,96.8,0,False,False,False,False,28,False,16,99.5089455157637,24,101.69774118434546,28,103.6298239164282,True,9,125,80,135,80,122,80,135,88,False
66,79.3,1,False,False,False,False,37,False,17,82.78292994883904,24,78.38489658489658,29,80.8,False,8,146,75,130,80,120,77,135,79,True
67,72.2910544842363,2,False,False,False,False,34,False,13,75.0,24,79.0,29,79.16262626262626,False,6,129,77,139,88,134,91,124,82,False
71,85.0,1,False,False,False,False,33,True,16,87.32195329922602,22,88.96355005066235,28,91.86167414878643,True,10,120,70,110,72,120,78,120,68,False
73,61.0,0,False,False,False,False,36,True,16,61.0,20,62.09439783429088,24,64.0264805663736,True,16,120,70,120,70,125,75,130,80,True
74,113.9,1,False,True,False,False,35,False,17,118.1569143819144,24,120.07211059192343,28,122.00419332400617,True,6,160,95,128,89,134,94,145,95,True
75,74.5,0,False,False,False,True,27,False,20,74.5,25,75.8679972928636,29,77.80008002494634,True,20,125,82,125,82,120,78,120,82,False
